Summary,Issue key,Issue id,Issue Type,Status,Project key,Project name,Project type,Project lead,Project lead id,Project description,Priority,Resolution,Assignee,Assignee Id,Reporter,Reporter Id,Creator,Creator Id,Created,Updated,Last Viewed,Resolved,Due date,Votes,Labels,Description,Environment,Watchers,Watchers Id,Original estimate,Remaining Estimate,Time Spent,Work Ratio,Σ Original Estimate,Σ Remaining Estimate,Σ Time Spent,Security Level,Inward issue link (Cloners),Inward issue link (Cloners),Inward issue link (Cloners),Inward issue link (Cloners),Inward issue link (Cloners),Inward issue link (Cloners),Inward issue link (Cloners),Inward issue link (Cloners),Inward issue link (Cloners),Inward issue link (Cloners),Inward issue link (Cloners),Inward issue link (Cloners),Inward issue link (Cloners),Inward issue link (Cloners),Outward issue link (Cloners),Attachment,Custom field (Actual end),Custom field (Actual result),Custom field (Actual start),Custom field (Category),Custom field (Change reason),Custom field (Change risk),Custom field (Change type),Custom field (Compass),Custom field (Development),Custom field (Epic Link),Custom field (Expected Result),Custom field (Expected Result),Custom field (Impact),Custom field (Issue color),Custom field (Locked forms),Custom field (Open forms),Custom field (Rank),Custom field (Request Type),Sprint,Custom field (Start date),Custom field (Story Points),Custom field (Story point estimate),Custom field (Submitted forms),Custom field (Target end),Custom field (Target start),Custom field (Team),Custom field (Test Steps),Custom field (Test level),Custom field (Testcase Result),Custom field (Total forms),Custom field ([CHART] Date of First Response),Status Category
"SM - verify Login - check if the registration information is correct, then go to the login box, enter the correct email and password will pass your information",NC-60,10363,Story,To Do,NC,N6_CD21CT8,software,Anh Duy Lê Nguyễn,628cefa2cf01a10069ad162f,,Medium,,Anh Duy Lê Nguyễn,628cefa2cf01a10069ad162f,Anh Duy Lê Nguyễn,628cefa2cf01a10069ad162f,Anh Duy Lê Nguyễn,628cefa2cf01a10069ad162f,04/Jan/23 4:41 PM,04/Jan/23 4:49 PM,04/Jan/23 4:59 PM,,,0,Login,"check if the login email and password are valid, pass information to you",,Anh Duy Lê Nguyễn,628cefa2cf01a10069ad162f,,,,,,,,,NC-61,,,,,,,,,,,,,,NC-59,,,pass your information A new customer,,,,,,,,NC-1,pass your information A new customer,,,,,,0|i00287:,,NC Sprint 1,,,,,,,,"1)nhập hết dl
2)nhấn đăng nhập",System,Pass,,,To Do
"SM - verify Login - check if the login email and password are valid, pass information to you",NC-59,10362,Story,To Do,NC,N6_CD21CT8,software,Anh Duy Lê Nguyễn,628cefa2cf01a10069ad162f,,Medium,,Anh Duy Lê Nguyễn,628cefa2cf01a10069ad162f,Anh Duy Lê Nguyễn,628cefa2cf01a10069ad162f,Anh Duy Lê Nguyễn,628cefa2cf01a10069ad162f,04/Jan/23 4:35 PM,04/Jan/23 4:49 PM,04/Jan/23 4:50 PM,,,0,Login,"check if the login email and password are valid, pass information to you",,Anh Duy Lê Nguyễn,628cefa2cf01a10069ad162f,,,,,,,,,NC-60,,,,,,,,,,,,,,,,,pass information to you,,,,,,,,NC-1,pass information to you,,,,,,0|i0027z:,,NC Sprint 1,,,,,,,,"1)nhập hết dl
2)nhấn đăng nhập",System,Pass,,,To Do
"IP22 - If the user presses the search button after entering the keywork, the product will appear. If there is no product name in the key work message, there is no product",NC-58,10361,Story,To Do,NC,N6_CD21CT8,software,Anh Duy Lê Nguyễn,628cefa2cf01a10069ad162f,,Medium,,Hải Lý Nguyễn,628b1ae940b157006f720673,Anh Duy Lê Nguyễn,628cefa2cf01a10069ad162f,Hải Lý Nguyễn,628b1ae940b157006f720673,04/Jan/23 4:09 PM,04/Jan/23 4:38 PM,04/Jan/23 4:59 PM,,,0,Registration,Data test: ““,,Hải Lý Nguyễn,628b1ae940b157006f720673,,,,,,,,,,,,,,,,,,,,,,,,04/Jan/23 4:09 PM;628b1ae940b157006f720673;image-20230104-090954.png;https://lenguyenanhduy.atlassian.net/secure/attachment/10266/image-20230104-090954.png,,As expected,,,,,,,,NC-2,"If the user presses the search button after entering the keywork, the product will appear. If there is no product name in the key work message, there is no product",,,,,,0|i0027r:,,NC Sprint 1,,,,,,,,"Step1: Input data
Step2: Submit",Integratiom,Pass,,,To Do
"IP21 - If the user clicks the button to pay, there is no product in the cart if the product has not been selected",NC-57,10360,Story,To Do,NC,N6_CD21CT8,software,Anh Duy Lê Nguyễn,628cefa2cf01a10069ad162f,,Medium,,Hải Lý Nguyễn,628b1ae940b157006f720673,Anh Duy Lê Nguyễn,628cefa2cf01a10069ad162f,Hải Lý Nguyễn,628b1ae940b157006f720673,04/Jan/23 4:06 PM,04/Jan/23 4:40 PM,04/Jan/23 4:59 PM,,,0,Registration,Data test: ““,,Hải Lý Nguyễn,628b1ae940b157006f720673,,,,,,,,,,,,,,,,,,,,,,,,04/Jan/23 4:07 PM;628b1ae940b157006f720673;image-20230104-090710.png;https://lenguyenanhduy.atlassian.net/secure/attachment/10264/image-20230104-090710.png,,As expected,,,,,,,,NC-2,"If the user clicks the button to pay, there is no product in the cart if the product has not been selected",,,,,,0|i0027j:,,NC Sprint 1,,,,,,,,"Step1: Input data
Step2: Submit",Integratiom,Pass,,,To Do
"IP20 - If the user clicks on the cart button, he will go to the shopping cart page",NC-56,10359,Story,To Do,NC,N6_CD21CT8,software,Anh Duy Lê Nguyễn,628cefa2cf01a10069ad162f,,Medium,,Hải Lý Nguyễn,628b1ae940b157006f720673,Anh Duy Lê Nguyễn,628cefa2cf01a10069ad162f,Hải Lý Nguyễn,628b1ae940b157006f720673,04/Jan/23 4:02 PM,04/Jan/23 4:07 PM,04/Jan/23 4:59 PM,,,0,Registration,Data test: ““,,Hải Lý Nguyễn,628b1ae940b157006f720673,,,,,,,,,,,,,,,,,,,,,,,,04/Jan/23 4:03 PM;628b1ae940b157006f720673;image-20230104-090350.png;https://lenguyenanhduy.atlassian.net/secure/attachment/10262/image-20230104-090350.png,,As expected,,,,,,,,NC-2,"If the user clicks on the cart button, he will go to the shopping cart page",,,,,,0|i0027b:,,NC Sprint 1,,,,,,,,"Step1: Input data
Step2: Submit",Integratiom,Pass,,,To Do
"IP19 - If email already exists in the system, error message",NC-55,10358,Story,To Do,NC,N6_CD21CT8,software,Anh Duy Lê Nguyễn,628cefa2cf01a10069ad162f,,Medium,,Hải Lý Nguyễn,628b1ae940b157006f720673,Anh Duy Lê Nguyễn,628cefa2cf01a10069ad162f,Hải Lý Nguyễn,628b1ae940b157006f720673,04/Jan/23 3:50 PM,04/Jan/23 4:03 PM,04/Jan/23 4:59 PM,,,0,Registration,Data test: “duybrosadboy@gmail“,,Hải Lý Nguyễn,628b1ae940b157006f720673,,,,,,,,,,,,,,,,,,,,,,,,04/Jan/23 3:51 PM;628b1ae940b157006f720673;image-20230104-085101.png;https://lenguyenanhduy.atlassian.net/secure/attachment/10260/image-20230104-085101.png,,As expected,,,,,,,,NC-2,"If email already exists in the system, error message",,,,,,0|i00273:,,NC Sprint 1,,,,,,,,"Step1: Input data
Step2: Submit",Integratiom,Pass,,,To Do
"P30 - Verify Payment- After entering the correct information, the details will appear",NC-53,10356,Story,To Do,NC,N6_CD21CT8,software,Anh Duy Lê Nguyễn,628cefa2cf01a10069ad162f,,Medium,,Anh Duy Lê Nguyễn,628cefa2cf01a10069ad162f,Anh Duy Lê Nguyễn,628cefa2cf01a10069ad162f,Anh Duy Lê Nguyễn,628cefa2cf01a10069ad162f,04/Jan/23 3:47 PM,04/Jan/23 4:27 PM,04/Jan/23 4:27 PM,,,0,Payment,"After entering the correct information, the details will appear",,Anh Duy Lê Nguyễn,628cefa2cf01a10069ad162f,,,,,,,,,,,,,,,,,,,,,,,NC-51,,,"After entering the correct information, the details will appear",,,,,,,,NC-6,"After entering the correct information, the details will appear",,,,,,0|i0026n:,,NC Sprint 1,,,,,,,,"1)nhập dl
2)nhấn submit",Unit,Pass,,,To Do
P29 - Verify Payment- Only valid discount code can be used,NC-52,10355,Story,To Do,NC,N6_CD21CT8,software,Anh Duy Lê Nguyễn,628cefa2cf01a10069ad162f,,Medium,,Anh Duy Lê Nguyễn,628cefa2cf01a10069ad162f,Anh Duy Lê Nguyễn,628cefa2cf01a10069ad162f,Anh Duy Lê Nguyễn,628cefa2cf01a10069ad162f,04/Jan/23 3:46 PM,04/Jan/23 4:26 PM,04/Jan/23 4:26 PM,,,0,Payment,Only valid discount code can be used,,Anh Duy Lê Nguyễn,628cefa2cf01a10069ad162f,,,,,,,,,,,,,,,,,,,,,,,NC-51,,,Only valid discount code can be used,,,,,,,,NC-6,Only valid discount code can be used,,,,,,0|i0026f:,,NC Sprint 1,,,,,,,,"1)nhập dl
2)nhấn submit",Unit,Pass,,,To Do
P28 - Verify Payment- Communes cannot be left blank,NC-51,10354,Story,To Do,NC,N6_CD21CT8,software,Anh Duy Lê Nguyễn,628cefa2cf01a10069ad162f,,Medium,,Anh Duy Lê Nguyễn,628cefa2cf01a10069ad162f,Anh Duy Lê Nguyễn,628cefa2cf01a10069ad162f,Anh Duy Lê Nguyễn,628cefa2cf01a10069ad162f,04/Jan/23 3:46 PM,04/Jan/23 4:26 PM,04/Jan/23 4:26 PM,,,0,Payment,Communes cannot be left blank,,Anh Duy Lê Nguyễn,628cefa2cf01a10069ad162f,,,,,,,,,NC-52,NC-53,,,,,,,,,,,,,NC-49,,,Communes cannot be left blank,,,,,,,,NC-6,Communes cannot be left blank,,,,,,0|i00267:,,NC Sprint 1,,,,,,,,"1)nhập dl
2)nhấn submit",Unit,Pass,,,To Do
P27 - Verify Payment- Districts cannot be left blank,NC-49,10352,Story,To Do,NC,N6_CD21CT8,software,Anh Duy Lê Nguyễn,628cefa2cf01a10069ad162f,,Medium,,Anh Duy Lê Nguyễn,628cefa2cf01a10069ad162f,Anh Duy Lê Nguyễn,628cefa2cf01a10069ad162f,Anh Duy Lê Nguyễn,628cefa2cf01a10069ad162f,04/Jan/23 3:45 PM,04/Jan/23 4:26 PM,04/Jan/23 4:26 PM,,,0,Payment,Districts cannot be left blank,,Anh Duy Lê Nguyễn,628cefa2cf01a10069ad162f,,,,,,,,,NC-51,,,,,,,,,,,,,,NC-46,,,Districts cannot be left blank,,,,,,,,NC-6,Districts cannot be left blank,,,,,,0|i0025r:,,NC Sprint 1,,,,,,,,"1)nhập dl
2)nhấn submit",Unit,Pass,,,To Do
P26 - Verify Payment- Provinces cannot be left blank,NC-48,10351,Story,To Do,NC,N6_CD21CT8,software,Anh Duy Lê Nguyễn,628cefa2cf01a10069ad162f,,Medium,,Anh Duy Lê Nguyễn,628cefa2cf01a10069ad162f,Anh Duy Lê Nguyễn,628cefa2cf01a10069ad162f,Anh Duy Lê Nguyễn,628cefa2cf01a10069ad162f,04/Jan/23 3:44 PM,04/Jan/23 4:26 PM,04/Jan/23 4:26 PM,,,0,Payment,Provinces cannot be left blank,,Anh Duy Lê Nguyễn,628cefa2cf01a10069ad162f,,,,,,,,,,,,,,,,,,,,,,,NC-46,,,Provinces cannot be left blank,,,,,,,,NC-6,Provinces cannot be left blank,,,,,,0|i0025j:,,NC Sprint 1,,,,,,,,"1)nhập dữ liệu
2)nhấn submit",Unit,Pass,,,To Do
P25 - Verify Payment- Address cannot be empty,NC-47,10350,Story,To Do,NC,N6_CD21CT8,software,Anh Duy Lê Nguyễn,628cefa2cf01a10069ad162f,,Medium,,Anh Duy Lê Nguyễn,628cefa2cf01a10069ad162f,Anh Duy Lê Nguyễn,628cefa2cf01a10069ad162f,Anh Duy Lê Nguyễn,628cefa2cf01a10069ad162f,04/Jan/23 3:44 PM,04/Jan/23 4:26 PM,04/Jan/23 4:26 PM,,,0,Payment,Address cannot be empty,,Anh Duy Lê Nguyễn,628cefa2cf01a10069ad162f,,,,,,,,,,,,,,,,,,,,,,,NC-46,,,Address cannot be empty,,,,,,,,NC-6,Address cannot be empty,,,,,,0|i0025b:,,NC Sprint 1,,,,,,,,"1)nhập dl
2)nhấn submit",Unit,Pass,,,To Do
P24 - Verify Payment- Full name cannot be deleted,NC-46,10349,Story,To Do,NC,N6_CD21CT8,software,Anh Duy Lê Nguyễn,628cefa2cf01a10069ad162f,,Medium,,Anh Duy Lê Nguyễn,628cefa2cf01a10069ad162f,Anh Duy Lê Nguyễn,628cefa2cf01a10069ad162f,Anh Duy Lê Nguyễn,628cefa2cf01a10069ad162f,04/Jan/23 3:43 PM,04/Jan/23 4:26 PM,04/Jan/23 4:26 PM,,,0,Payment,Full name cannot be deleted,,Anh Duy Lê Nguyễn,628cefa2cf01a10069ad162f,,,,,,,,,NC-47,NC-48,NC-49,,,,,,,,,,,,NC-44,,,Full name cannot be deleted,,,,,,,,NC-6,Full name cannot be deleted,,,,,,0|i00253:,,NC Sprint 1,,,,,,,,"1)nhập dl
2)nhấn submit",Unit,Pass,,,To Do
IP16 - If user does not enter .com email field error message,NC-45,10348,Story,To Do,NC,N6_CD21CT8,software,Anh Duy Lê Nguyễn,628cefa2cf01a10069ad162f,,Medium,,Hải Lý Nguyễn,628b1ae940b157006f720673,Anh Duy Lê Nguyễn,628cefa2cf01a10069ad162f,Hải Lý Nguyễn,628b1ae940b157006f720673,04/Jan/23 3:42 PM,04/Jan/23 3:51 PM,04/Jan/23 4:59 PM,,,0,Registration,Data test: “duybrosadboy@gmail“,,Hải Lý Nguyễn,628b1ae940b157006f720673,,,,,,,,,,,,,,,,,,,,,,,,04/Jan/23 3:45 PM;628b1ae940b157006f720673;image-20230104-084522.png;https://lenguyenanhduy.atlassian.net/secure/attachment/10257/image-20230104-084522.png,,As expected,,,,,,,,NC-2,If user does not enter .com email field error message,,,,,,0|i0024v:,,NC Sprint 1,,,,,,,,"Step1: Input data
Step2: Submit",Integratiom,Pass,,,To Do
P23 - Verify Payment- Phone number cannot be blank,NC-44,10347,Story,To Do,NC,N6_CD21CT8,software,Anh Duy Lê Nguyễn,628cefa2cf01a10069ad162f,,Medium,,Anh Duy Lê Nguyễn,628cefa2cf01a10069ad162f,Anh Duy Lê Nguyễn,628cefa2cf01a10069ad162f,Anh Duy Lê Nguyễn,628cefa2cf01a10069ad162f,04/Jan/23 3:41 PM,04/Jan/23 4:26 PM,04/Jan/23 4:25 PM,,,0,Payment,Phone number cannot be blank,,Anh Duy Lê Nguyễn,628cefa2cf01a10069ad162f,,,,,,,,,NC-46,,,,,,,,,,,,,,NC-41,,,Phone number cannot be blank,,,,,,,,NC-6,Phone number cannot be blank,,,,,,0|i0024n:,,NC Sprint 1,,,,,,,,"1)nhập dl
2)nhấn submit",Unit,Pass,,,To Do
"IP15 - If the user does not enter the @ character in the email field, error message",NC-43,10346,Story,To Do,NC,N6_CD21CT8,software,Anh Duy Lê Nguyễn,628cefa2cf01a10069ad162f,,Medium,,Hải Lý Nguyễn,628b1ae940b157006f720673,Anh Duy Lê Nguyễn,628cefa2cf01a10069ad162f,Hải Lý Nguyễn,628b1ae940b157006f720673,04/Jan/23 3:41 PM,04/Jan/23 3:45 PM,04/Jan/23 4:59 PM,,,0,Registration,Data test: “duybrosadboygmail.com“,,Hải Lý Nguyễn,628b1ae940b157006f720673,,,,,,,,,,,,,,,,,,,,,,,,04/Jan/23 3:42 PM;628b1ae940b157006f720673;image-20230104-084205.png;https://lenguyenanhduy.atlassian.net/secure/attachment/10255/image-20230104-084205.png,,As expected,,,,,,,,NC-2,"If the user does not enter the @ character in the email field, error message",,,,,,0|i0024f:,,NC Sprint 1,,,,,,,,"Step1: Input data
Step2: Submit",Integratiom,Pass,,,To Do
C22 - Verify Cart - Press the delete icon to display the continue shopping button,NC-42,10345,Story,To Do,NC,N6_CD21CT8,software,Anh Duy Lê Nguyễn,628cefa2cf01a10069ad162f,,Medium,,Anh Duy Lê Nguyễn,628cefa2cf01a10069ad162f,Anh Duy Lê Nguyễn,628cefa2cf01a10069ad162f,Anh Duy Lê Nguyễn,628cefa2cf01a10069ad162f,04/Jan/23 3:40 PM,04/Jan/23 4:25 PM,04/Jan/23 4:25 PM,,,0,Cart,Press the delete icon to display the continue shopping button,,Anh Duy Lê Nguyễn,628cefa2cf01a10069ad162f,,,,,,,,,,,,,,,,,,,,,,,NC-41,,,Press the delete icon to display the continue shopping button,,,,,,,,NC-5,Press the delete icon to display the continue shopping button,,,,,,0|i00247:,,NC Sprint 1,,,,,,,,"1)nhập dl
2)nhấn submit",Unit,Pass,,,To Do
C21 - Verify Cart - Quantity must not exceed 50 . in stock,NC-41,10344,Story,To Do,NC,N6_CD21CT8,software,Anh Duy Lê Nguyễn,628cefa2cf01a10069ad162f,,Medium,,Anh Duy Lê Nguyễn,628cefa2cf01a10069ad162f,Anh Duy Lê Nguyễn,628cefa2cf01a10069ad162f,Anh Duy Lê Nguyễn,628cefa2cf01a10069ad162f,04/Jan/23 3:39 PM,04/Jan/23 4:25 PM,04/Jan/23 4:25 PM,,,0,Cart,Quantity must not exceed 50 . in stock,,Anh Duy Lê Nguyễn,628cefa2cf01a10069ad162f,,,,,,,,,NC-42,NC-44,,,,,,,,,,,,,NC-39,,,Quantity must not exceed 50 . in stock,,,,,,,,NC-5,Quantity must not exceed 50 . in stock,,,,,,0|i0023z:,,NC Sprint 1,,,,,,,,"1)nhập dl
2)nhấn submit",Unit,Pass,,,To Do
"IP14 - If the user does not enter the password field, the error message",NC-40,10343,Story,To Do,NC,N6_CD21CT8,software,Anh Duy Lê Nguyễn,628cefa2cf01a10069ad162f,,Medium,,Hải Lý Nguyễn,628b1ae940b157006f720673,Anh Duy Lê Nguyễn,628cefa2cf01a10069ad162f,Hải Lý Nguyễn,628b1ae940b157006f720673,04/Jan/23 3:39 PM,04/Jan/23 3:42 PM,04/Jan/23 4:59 PM,,,0,Registration,Data test: ““,,Hải Lý Nguyễn,628b1ae940b157006f720673,,,,,,,,,,,,,,,,,,,,,,,,04/Jan/23 3:40 PM;628b1ae940b157006f720673;image-20230104-084009.png;https://lenguyenanhduy.atlassian.net/secure/attachment/10253/image-20230104-084009.png,,As expected,,,,,,,,NC-2,"If the user does not enter the password field, the error message",,,,,,0|i0023r:,,NC Sprint 1,,,,,,,,"Step1: Input data
Step2: Submit",Integratiom,Pass,,,To Do
S20 - Verify Search- Search name cannot be left blank,NC-39,10342,Story,To Do,NC,N6_CD21CT8,software,Anh Duy Lê Nguyễn,628cefa2cf01a10069ad162f,,Medium,,Anh Duy Lê Nguyễn,628cefa2cf01a10069ad162f,Anh Duy Lê Nguyễn,628cefa2cf01a10069ad162f,Anh Duy Lê Nguyễn,628cefa2cf01a10069ad162f,04/Jan/23 3:37 PM,04/Jan/23 4:25 PM,04/Jan/23 4:24 PM,,,0,ForgotPassword,Search name cannot be left blank,,Anh Duy Lê Nguyễn,628cefa2cf01a10069ad162f,,,,,,,,,NC-41,,,,,,,,,,,,,,NC-36,,,,,,,,,,,NC-3,Search name cannot be left blank,,,,,,0|i0023j:,,NC Sprint 1,,,,,,,,"1)nhập dl
2)nhấn submit",Unit,Pass,,,To Do
"IP13 - If the user does not enter the email field, the error message",NC-38,10341,Story,To Do,NC,N6_CD21CT8,software,Anh Duy Lê Nguyễn,628cefa2cf01a10069ad162f,,Medium,,Hải Lý Nguyễn,628b1ae940b157006f720673,Anh Duy Lê Nguyễn,628cefa2cf01a10069ad162f,Hải Lý Nguyễn,628b1ae940b157006f720673,04/Jan/23 3:37 PM,04/Jan/23 3:40 PM,04/Jan/23 4:59 PM,,,0,Registration,Data test: ““,,Hải Lý Nguyễn,628b1ae940b157006f720673,,,,,,,,,,,,,,,,,,,,,,,,04/Jan/23 3:38 PM;628b1ae940b157006f720673;image-20230104-083848.png;https://lenguyenanhduy.atlassian.net/secure/attachment/10251/image-20230104-083848.png,,As expected,,,,,,,,NC-2,"If the user does not enter the email field, the error message",,,,,,0|i0023b:,,NC Sprint 1,,,,,,,,"Step1: Input data
Step2: Submit",Integratiom,Pass,,,To Do
"IP12 - If the user leaves the last name blank, an error is reported",NC-37,10340,Story,To Do,NC,N6_CD21CT8,software,Anh Duy Lê Nguyễn,628cefa2cf01a10069ad162f,,Medium,,Hải Lý Nguyễn,628b1ae940b157006f720673,Anh Duy Lê Nguyễn,628cefa2cf01a10069ad162f,Hải Lý Nguyễn,628b1ae940b157006f720673,04/Jan/23 3:33 PM,04/Jan/23 3:38 PM,04/Jan/23 4:59 PM,,,0,Registration,Data test: ““,,Hải Lý Nguyễn,628b1ae940b157006f720673,,,,,,,,,,,,,,,,,,,,,,,NC-29,04/Jan/23 3:36 PM;628b1ae940b157006f720673;image-20230104-083622.png;https://lenguyenanhduy.atlassian.net/secure/attachment/10249/image-20230104-083622.png,,As expected,,,,,,,,NC-2,"If the user leaves the last name blank, an error is reported",,,,,,0|i00233:,,NC Sprint 1,,,,,,,,"Step1: Input data
Step2: Submit",Integratiom,Pass,,,To Do
FP19 - Verify Forgot password- Forgot password email must match the registered email,NC-36,10339,Story,To Do,NC,N6_CD21CT8,software,Anh Duy Lê Nguyễn,628cefa2cf01a10069ad162f,,Medium,,Anh Duy Lê Nguyễn,628cefa2cf01a10069ad162f,Anh Duy Lê Nguyễn,628cefa2cf01a10069ad162f,Anh Duy Lê Nguyễn,628cefa2cf01a10069ad162f,04/Jan/23 3:33 PM,04/Jan/23 4:24 PM,04/Jan/23 4:24 PM,,,0,Search,Forgot password email must match the registered email,,Anh Duy Lê Nguyễn,628cefa2cf01a10069ad162f,,,,,,,,,NC-39,,,,,,,,,,,,,,NC-19,,,Forgot password email must match the registered email,,,,,,,,NC-4,Forgot password email must match the registered email,,,,,,0|i0022v:,,NC Sprint 1,,,,,,,,"1)nhập dl
2)nhấn submit",Unit,Pass,,,To Do
FP18 - Verify Forgot password- Forgot password email cannot be blank,NC-35,10338,Story,To Do,NC,N6_CD21CT8,software,Anh Duy Lê Nguyễn,628cefa2cf01a10069ad162f,,Medium,,Anh Duy Lê Nguyễn,628cefa2cf01a10069ad162f,Anh Duy Lê Nguyễn,628cefa2cf01a10069ad162f,Anh Duy Lê Nguyễn,628cefa2cf01a10069ad162f,04/Jan/23 3:33 PM,04/Jan/23 4:24 PM,04/Jan/23 4:24 PM,,,0,ForgotPassword,Forgot password email cannot be blank,,Anh Duy Lê Nguyễn,628cefa2cf01a10069ad162f,,,,,,,,,,,,,,,,,,,,,,,NC-19,,,Forgot password email cannot be blank,,,,,,,,NC-3,Forgot password email cannot be blank,,,,,,0|i0022n:,,NC Sprint 1,,,,,,,,"1)nhập dl
2)nhấn submit",Unit,Pass,,,To Do
R16 - Verify Registration- Registration password cannot be blank,NC-33,10336,Story,To Do,NC,N6_CD21CT8,software,Anh Duy Lê Nguyễn,628cefa2cf01a10069ad162f,,Medium,,Anh Duy Lê Nguyễn,628cefa2cf01a10069ad162f,Anh Duy Lê Nguyễn,628cefa2cf01a10069ad162f,Anh Duy Lê Nguyễn,628cefa2cf01a10069ad162f,04/Jan/23 3:31 PM,04/Jan/23 4:23 PM,04/Jan/23 4:23 PM,,,0,Registration,Registration password cannot be blank,,Anh Duy Lê Nguyễn,628cefa2cf01a10069ad162f,,,,,,,,,,,,,,,,,,,,,,,NC-19,,,,,,,,,,,NC-2,Registration password cannot be blank,,,,,,0|i00227:,,NC Sprint 1,,,,,,,,"1)nhập dl
2)nhấn submit",Unit,Pass,,,To Do
R15 - Verify Registration- Registered email is not in the correct format abc@gmail.com,NC-32,10335,Story,To Do,NC,N6_CD21CT8,software,Anh Duy Lê Nguyễn,628cefa2cf01a10069ad162f,,Medium,,Anh Duy Lê Nguyễn,628cefa2cf01a10069ad162f,Anh Duy Lê Nguyễn,628cefa2cf01a10069ad162f,Anh Duy Lê Nguyễn,628cefa2cf01a10069ad162f,04/Jan/23 3:30 PM,04/Jan/23 4:23 PM,04/Jan/23 4:23 PM,,,0,Registration,Registered email is not in the correct format [abc@gmail.com|mailto:abc@gmail.com],,Anh Duy Lê Nguyễn,628cefa2cf01a10069ad162f,,,,,,,,,,,,,,,,,,,,,,,NC-19,,,Registered email is not in the correct format abc@gmail.com,,,,,,,,NC-2,Registered email is not in the correct format abc@gmail.com,,,,,,0|i0021z:,,NC Sprint 1,,,,,,,,"1)nhập dl
2)nhấn submit",Unit,Pass,,,To Do
R14 - Verify Registration- Registered email cannot be left blank,NC-31,10334,Story,To Do,NC,N6_CD21CT8,software,Anh Duy Lê Nguyễn,628cefa2cf01a10069ad162f,,Medium,,Anh Duy Lê Nguyễn,628cefa2cf01a10069ad162f,Anh Duy Lê Nguyễn,628cefa2cf01a10069ad162f,Anh Duy Lê Nguyễn,628cefa2cf01a10069ad162f,04/Jan/23 3:30 PM,04/Jan/23 4:23 PM,04/Jan/23 4:23 PM,,,0,Registration,Registered email cannot be left blank,,Anh Duy Lê Nguyễn,628cefa2cf01a10069ad162f,,,,,,,,,,,,,,,,,,,,,,,NC-19,,,,,,,,,,,NC-2,Registered email cannot be left blank,,,,,,0|i0021r:,,NC Sprint 1,,,,,,,,"1)nhập dl
2)nhấn submit",Unit,Pass,,,To Do
"IP11 - If user leaves first name blank, error message",NC-29,10332,Story,To Do,NC,N6_CD21CT8,software,Anh Duy Lê Nguyễn,628cefa2cf01a10069ad162f,,Medium,,Hải Lý Nguyễn,628b1ae940b157006f720673,Anh Duy Lê Nguyễn,628cefa2cf01a10069ad162f,Hải Lý Nguyễn,628b1ae940b157006f720673,04/Jan/23 3:29 PM,04/Jan/23 3:33 PM,04/Jan/23 4:59 PM,,,0,Registration,Data test: ““,,Hải Lý Nguyễn,628b1ae940b157006f720673,,,,,,,,,NC-37,,,,,,,,,,,,,,,04/Jan/23 3:32 PM;628b1ae940b157006f720673;image-20230104-083245.png;https://lenguyenanhduy.atlassian.net/secure/attachment/10247/image-20230104-083245.png,,As expected,,,,,,,,NC-2,"If user leaves first name blank, error message",,,,,,0|i0021b:,,NC Sprint 1,,,,,,,,"Step1: Input data
Step2: Submit",Integratiom,Pass,,,To Do
R12 - Verify Registration- Date of birth cannot be left blank,NC-28,10331,Story,To Do,NC,N6_CD21CT8,software,Anh Duy Lê Nguyễn,628cefa2cf01a10069ad162f,,Medium,,Anh Duy Lê Nguyễn,628cefa2cf01a10069ad162f,Anh Duy Lê Nguyễn,628cefa2cf01a10069ad162f,Anh Duy Lê Nguyễn,628cefa2cf01a10069ad162f,04/Jan/23 3:29 PM,04/Jan/23 4:23 PM,04/Jan/23 4:23 PM,,,0,Registration,Login email cannot be blank,,Anh Duy Lê Nguyễn,628cefa2cf01a10069ad162f,,,,,,,,,,,,,,,,,,,,,,,NC-19,,,As expected,,,,,,,,NC-2,Date of birth cannot be left blank,,,,,,0|i00213:,,NC Sprint 1,,,,,,,,"1)nhập dl
2)nhấn submit",Unit,Pass,,,To Do
R11 - Verify Registration- Gender cannot be left blank,NC-27,10330,Story,To Do,NC,N6_CD21CT8,software,Anh Duy Lê Nguyễn,628cefa2cf01a10069ad162f,,Medium,,Anh Duy Lê Nguyễn,628cefa2cf01a10069ad162f,Anh Duy Lê Nguyễn,628cefa2cf01a10069ad162f,Anh Duy Lê Nguyễn,628cefa2cf01a10069ad162f,04/Jan/23 3:28 PM,04/Jan/23 4:23 PM,04/Jan/23 4:23 PM,,,0,Registration,Gender cannot be left blank,,Anh Duy Lê Nguyễn,628cefa2cf01a10069ad162f,,,,,,,,,,,,,,,,,,,,,,,NC-19,,,,,,,,,,,NC-2,Gender cannot be left blank,,,,,,0|i0020v:,,NC Sprint 1,,,,,,,,"1)nhập dữ liệu 
2)nhấn submit",Unit,Pass,,,To Do
IP10 - If after 3 minutes do not log in error message after posting,NC-24,10327,Story,To Do,NC,N6_CD21CT8,software,Anh Duy Lê Nguyễn,628cefa2cf01a10069ad162f,,Medium,,Hải Lý Nguyễn,628b1ae940b157006f720673,Anh Duy Lê Nguyễn,628cefa2cf01a10069ad162f,Hải Lý Nguyễn,628b1ae940b157006f720673,04/Jan/23 3:27 PM,04/Jan/23 3:32 PM,04/Jan/23 4:59 PM,,,0,Login,"Data test: “

Gmail:duybro[@gmail.com|mailto:duybro@gmail.com]

Password: 1234567890 “",,Hải Lý Nguyễn,628b1ae940b157006f720673,,,,,,,,,,,,,,,,,,,,,,,,04/Jan/23 3:28 PM;628b1ae940b157006f720673;image-20230104-082805.png;https://lenguyenanhduy.atlassian.net/secure/attachment/10245/image-20230104-082805.png,,As expected,,,,,,,,NC-1,If password is not valid error message after login,,,,,,0|i00207:,,NC Sprint 1,,,,,,,,"Step1: Input data
Step2: Submit",Integratiom,Pass,,,To Do
R8 - Verify Registration- Registered name cannot be left blank,NC-23,10326,Story,To Do,NC,N6_CD21CT8,software,Anh Duy Lê Nguyễn,628cefa2cf01a10069ad162f,,Medium,,Anh Duy Lê Nguyễn,628cefa2cf01a10069ad162f,Anh Duy Lê Nguyễn,628cefa2cf01a10069ad162f,Anh Duy Lê Nguyễn,628cefa2cf01a10069ad162f,04/Jan/23 3:27 PM,04/Jan/23 4:22 PM,04/Jan/23 4:22 PM,,,0,Registration,Registered name cannot be left blank,,Anh Duy Lê Nguyễn,628cefa2cf01a10069ad162f,,,,,,,,,,,,,,,,,,,,,,,NC-19,,,As Expected,,,,,,,,NC-2,Registered name cannot be left blank,,,,,,0|i001zz:,,NC Sprint 1,,,,,,,,"1)nhập dữ liệu
2)nhấn submit",Unit,Pass,,,To Do
IP9 - If password is not valid error message after login,NC-20,10323,Story,To Do,NC,N6_CD21CT8,software,Anh Duy Lê Nguyễn,628cefa2cf01a10069ad162f,,Medium,,Hải Lý Nguyễn,628b1ae940b157006f720673,Anh Duy Lê Nguyễn,628cefa2cf01a10069ad162f,Hải Lý Nguyễn,628b1ae940b157006f720673,04/Jan/23 3:26 PM,04/Jan/23 3:28 PM,04/Jan/23 4:59 PM,,,0,Login,"Data test: “

Gmail:duybro[@gmail.com|mailto:duybro@gmail.com]

Password: 123321 “",,Hải Lý Nguyễn,628b1ae940b157006f720673,,,,,,,,,,,,,,,,,,,,,,,,04/Jan/23 3:27 PM;628b1ae940b157006f720673;image-20230104-082658.png;https://lenguyenanhduy.atlassian.net/secure/attachment/10243/image-20230104-082658.png,,As expected,,,,,,,,NC-1,If password is not valid error message after login,,,,,,0|i001zb:,,NC Sprint 1,,,,,,,,"Step1: Input data
Step2: Submit",Integratiom,Pass,,,To Do
R5 - Verify Registration- The registration cannot be left blank,NC-19,10322,Story,To Do,NC,N6_CD21CT8,software,Anh Duy Lê Nguyễn,628cefa2cf01a10069ad162f,,Medium,,Anh Duy Lê Nguyễn,628cefa2cf01a10069ad162f,Anh Duy Lê Nguyễn,628cefa2cf01a10069ad162f,Anh Duy Lê Nguyễn,628cefa2cf01a10069ad162f,04/Jan/23 3:24 PM,04/Jan/23 4:22 PM,04/Jan/23 4:22 PM,,,0,Registration,The registration cannot be left blank,,Anh Duy Lê Nguyễn,628cefa2cf01a10069ad162f,,,,,,,,,NC-21,NC-22,NC-23,NC-25,NC-26,NC-27,NC-28,NC-30,NC-31,NC-32,NC-33,NC-34,NC-35,NC-36,NC-18,,,As expected,,,,,,,,NC-2,The registration cannot be left blank,,,,,,0|i001z3:,,NC Sprint 1,,,,,,,,"1)nhập du liệu
2)nhấn submit",Unit,Pass,,,To Do
"IP8 - If email does not exist in the system, error message after login",NC-17,10320,Story,To Do,NC,N6_CD21CT8,software,Anh Duy Lê Nguyễn,628cefa2cf01a10069ad162f,,Medium,,Hải Lý Nguyễn,628b1ae940b157006f720673,Anh Duy Lê Nguyễn,628cefa2cf01a10069ad162f,Hải Lý Nguyễn,628b1ae940b157006f720673,04/Jan/23 3:23 PM,04/Jan/23 3:26 PM,04/Jan/23 4:59 PM,,,0,Login,"Data test: “

Gmail:duybro12[3@gmail.com|mailto:duybro@gmail.com]

Password: 1234567890 “",,Hải Lý Nguyễn,628b1ae940b157006f720673,,,,,,,,,,,,,,,,,,,,,,,,04/Jan/23 3:24 PM;628b1ae940b157006f720673;image-20230104-082413.png;https://lenguyenanhduy.atlassian.net/secure/attachment/10241/image-20230104-082413.png,,As expected,,,,,,,,NC-1,"If email does not exist in the system, error message after login",,,,,,0|i001yn:,,NC Sprint 1,,,,,,,,"Step1: Input data
Step2: Submit",Integratiom,Pass,,,To Do
L3 - Verify Login - Login password cannot be blank,NC-16,10319,Story,To Do,NC,N6_CD21CT8,software,Anh Duy Lê Nguyễn,628cefa2cf01a10069ad162f,,Medium,,Anh Duy Lê Nguyễn,628cefa2cf01a10069ad162f,Anh Duy Lê Nguyễn,628cefa2cf01a10069ad162f,Anh Duy Lê Nguyễn,628cefa2cf01a10069ad162f,04/Jan/23 3:22 PM,04/Jan/23 4:21 PM,04/Jan/23 4:21 PM,,,0,Login,Login password cannot be blank,,Anh Duy Lê Nguyễn,628cefa2cf01a10069ad162f,,,,,,,,,,,,,,,,,,,,,,,NC-15,,,As expected,,,,,,,,NC-1,Login password cannot be blank,,,,,,0|i001yf:,,NC Sprint 1,,,,,,,,"1)nhập pass
2)nhấn submit",Unit,Pass,,,To Do
L2 - Verify Login - Login email must be in the correct format abc@gmail.com,NC-15,10318,Story,To Do,NC,N6_CD21CT8,software,Anh Duy Lê Nguyễn,628cefa2cf01a10069ad162f,,Medium,,Anh Duy Lê Nguyễn,628cefa2cf01a10069ad162f,Anh Duy Lê Nguyễn,628cefa2cf01a10069ad162f,Anh Duy Lê Nguyễn,628cefa2cf01a10069ad162f,04/Jan/23 3:18 PM,04/Jan/23 4:21 PM,04/Jan/23 4:21 PM,,,0,Login,"Login email must be in the correct format [abc@gmail.com|mailto:abc@gmail.com]

test data:”abcgmail.com”",,Anh Duy Lê Nguyễn,628cefa2cf01a10069ad162f,,,,,,,,,NC-16,NC-18,,,,,,,,,,,,,NC-10,,,As expected,,,,,,,,NC-1,Login email must be in the correct format abc@gmail.com,,,,,,0|i001y7:,,NC Sprint 1,,,,,,,,"1)nhập email
2)nhấn đăng nhập",Unit,Pass,,,To Do
IP7 - If the user presses the login button to go to the account page,NC-14,10317,Story,To Do,NC,N6_CD21CT8,software,Anh Duy Lê Nguyễn,628cefa2cf01a10069ad162f,,Medium,,Hải Lý Nguyễn,628b1ae940b157006f720673,Anh Duy Lê Nguyễn,628cefa2cf01a10069ad162f,Hải Lý Nguyễn,628b1ae940b157006f720673,04/Jan/23 3:18 PM,04/Jan/23 3:24 PM,04/Jan/23 4:59 PM,,,0,Login,"Data test: “

Gmail: [duybro@gmail.com|mailto:duybro@gmail.com]

Password: 1234567890 “",,Hải Lý Nguyễn,628b1ae940b157006f720673,,,,,,,,,,,,,,,,,,,,,,,,04/Jan/23 3:20 PM;628b1ae940b157006f720673;image-20230104-082003.png;https://lenguyenanhduy.atlassian.net/secure/attachment/10239/image-20230104-082003.png,,As expected,,,,,,,,NC-1,If the user presses the login button to go to the account page,,,,,,0|i001xz:,,NC Sprint 1,,,,,,,,"Step1: Input data
Step2: Submit",Integratiom,Pass,,,To Do
IP5 - If the user does not enter the password field error message,NC-12,10315,Story,To Do,NC,N6_CD21CT8,software,Anh Duy Lê Nguyễn,628cefa2cf01a10069ad162f,,Medium,,Hải Lý Nguyễn,628b1ae940b157006f720673,Anh Duy Lê Nguyễn,628cefa2cf01a10069ad162f,Hải Lý Nguyễn,628b1ae940b157006f720673,04/Jan/23 3:11 PM,04/Jan/23 3:20 PM,04/Jan/23 4:55 PM,,,0,Login,Data test: “    “,,Hải Lý Nguyễn,628b1ae940b157006f720673,,,,,,,,,,,,,,,,,,,,,,,,04/Jan/23 3:12 PM;628b1ae940b157006f720673;image-20230104-081206.png;https://lenguyenanhduy.atlassian.net/secure/attachment/10236/image-20230104-081206.png,,As expected,,,,,,,,NC-1,If the user does not enter the password field error message,,,,,,0|i001xj:,,NC Sprint 1,,,,,,,,"Step1: Input data
Step2: Submit",Integratiom,Pass,,,To Do
L1 - Verify Login - Login email cannot be blank,NC-10,10313,Story,To Do,NC,N6_CD21CT8,software,Anh Duy Lê Nguyễn,628cefa2cf01a10069ad162f,,Medium,,Anh Duy Lê Nguyễn,628cefa2cf01a10069ad162f,Anh Duy Lê Nguyễn,628cefa2cf01a10069ad162f,Anh Duy Lê Nguyễn,628cefa2cf01a10069ad162f,04/Jan/23 3:04 PM,04/Jan/23 4:21 PM,04/Jan/23 4:21 PM,,,0,Login,"Login email cannot be blank

data:””",,Anh Duy Lê Nguyễn,628cefa2cf01a10069ad162f,,,,,,,,,NC-15,,,,,,,,,,,,,,,,,As expected,,,,,,,,NC-1,Login email cannot be blank,,,,,,0|i001x3:,,NC Sprint 1,,,,,,,,"1) nhập email
2)nhấn đăng nhập",Unit,Pass,,,To Do
IP3 - If user does not enter .com email field error message,NC-9,10312,Story,To Do,NC,N6_CD21CT8,software,Anh Duy Lê Nguyễn,628cefa2cf01a10069ad162f,,Medium,,Hải Lý Nguyễn,628b1ae940b157006f720673,Anh Duy Lê Nguyễn,628cefa2cf01a10069ad162f,Hải Lý Nguyễn,628b1ae940b157006f720673,04/Jan/23 3:04 PM,04/Jan/23 3:09 PM,04/Jan/23 4:59 PM,,,0,Login,Data test: “duybro@ “,,Hải Lý Nguyễn,628b1ae940b157006f720673,,,,,,,,,,,,,,,,,,,,,,,,04/Jan/23 3:05 PM;628b1ae940b157006f720673;image-20230104-080543.png;https://lenguyenanhduy.atlassian.net/secure/attachment/10232/image-20230104-080543.png,,As expected,,,,,,,,NC-1,If user does not enter .com email field error message,,,,,,0|i001wv:,,NC Sprint 1,,,,,,,,"Step1: Input data
Step2: Submit",Integratiom,Pass,,,To Do
"IP2 - If the user does not enter the @ character in the email field, error message",NC-8,10311,Story,To Do,NC,N6_CD21CT8,software,Anh Duy Lê Nguyễn,628cefa2cf01a10069ad162f,,Medium,,Hải Lý Nguyễn,628b1ae940b157006f720673,Anh Duy Lê Nguyễn,628cefa2cf01a10069ad162f,Hải Lý Nguyễn,628b1ae940b157006f720673,04/Jan/23 2:58 PM,04/Jan/23 3:05 PM,04/Jan/23 4:59 PM,,,0,Login,Data test: “duybrogmail.com “,,Hải Lý Nguyễn,628b1ae940b157006f720673,,,,,,,,,,,,,,,,,,,,,,,,04/Jan/23 3:02 PM;628b1ae940b157006f720673;image-20230104-080246.png;https://lenguyenanhduy.atlassian.net/secure/attachment/10229/image-20230104-080246.png,,As expected,,,,,,,,NC-1,"If the user does not enter the @ character in the email field, error message",,,,,,0|i001wn:,,NC Sprint 1,,,,,,,,"Step1: Input data
Step2: Submit",Integratiom,Pass,,,To Do
IP1 - If the user does not enter the error message email field,NC-7,10310,Story,To Do,NC,N6_CD21CT8,software,Anh Duy Lê Nguyễn,628cefa2cf01a10069ad162f,,Medium,,Hải Lý Nguyễn,628b1ae940b157006f720673,Anh Duy Lê Nguyễn,628cefa2cf01a10069ad162f,Hải Lý Nguyễn,628b1ae940b157006f720673,04/Jan/23 2:50 PM,04/Jan/23 3:03 PM,04/Jan/23 4:59 PM,,,0,Login,Data test: “ “,,Hải Lý Nguyễn,628b1ae940b157006f720673,,,,,,,,,,,,,,,,,,,,,,,,04/Jan/23 2:56 PM;628b1ae940b157006f720673;image-20230104-075606.png;https://lenguyenanhduy.atlassian.net/secure/attachment/10227/image-20230104-075606.png,,As expected,,,,,,,,NC-1,If the user does not enter the error message email field,,,,,,0|i001wf:,,NC Sprint 1,,,,,,,,"Step1: Input data
Step2: Submit",Integratiom,Pass,,,To Do
